class,declaration,fields,methods,decoded_strings
A,public class nro.A {,7,57,8
B,public class nro.B {,8,14,5
C,public class nro.C {,10,72,21
D,public class nro.D {,24,159,36
E,public class nro.E implements java.lang.Runnable {,6,22,7
F,public class nro.F {,7,19,4
G,public class nro.G implements java.lang.Runnable {,10,41,14
GameMidlet,public class nro.GameMidlet extends javax.microedition.midlet.MIDlet {,12,13,2
H,public class nro.H {,10,46,9
I,public class nro.I {,4,45,18
J,public class nro.J implements java.lang.Runnable {,11,44,19
K,public class nro.K {,7,16,5
L,public class nro.L {,11,31,2
M,public class nro.M {,14,8,3
N,public class nro.N implements nro.cR {,20,544,295
O,public class nro.O {,10,15,8
P,public class nro.P {,9,38,10
Q,public class nro.Q {,14,36,9
R,public class nro.R {,17,64,14
S,public class nro.S {,3,26,9
T,public class nro.T implements java.lang.Runnable {,9,22,3
U,public class nro.U {,6,13,2
V,public class nro.V {,8,47,8
W,public class nro.W {,7,8,2
X,public class nro.X {,3,9,2
Y,public class nro.Y {,7,17,4
Z,public final class nro.Z {,5,15,4
a,public class nro.a implements java.lang.Runnable {,5,94,40
aA,public interface nro.aA {,1,6,0
aB,"public final class nro.aB implements nro.cR,nro.ce {",227,2393,410
aC,public class nro.aC {,11,145,25
aD,public final class nro.aD {,12,10,5
aE,public final class nro.aE extends nro.cr implements nro.cR {,121,510,122
aF,public final class nro.aF {,50,85,63
aG,public final class nro.aG {,3,6,1
aH,public final class nro.aH extends java.util.Hashtable {,2,6,0
aI,public final class nro.aI extends nro.bT {,7,20,5
aJ,public final class nro.aJ implements nro.aR {,10,3280,341
aK,public final class nro.aK extends nro.bd implements nro.cR {,12,29,10
aL,public final class nro.aL extends nro.bd implements nro.ce {,348,1457,169
aM,public final class nro.aM {,17,8,3
aN,public final class nro.aN implements java.lang.Runnable {,5,6,0
aO,public final class nro.aO {,36,42,7
aP,public final class nro.aP {,15,1,0
aQ,public final class nro.aQ {,4,25,4
aR,public interface nro.aR {,1,4,0
aS,public final class nro.aS implements java.lang.Runnable {,6,11,5
aT,public final class nro.aT {,5,1,0
aU,public final class nro.aU {,15,76,17
aV,public final class nro.aV {,7,2,0
aW,public final class nro.aW {,7,5,1
aX,public final class nro.aX {,7,1,0
aY,public final class nro.aY {,21,37,8
aZ,public final class nro.aZ implements nro.cR {,16,45,13
aa,public final class nro.aa extends nro.bp {,8,13,3
ab,public final class nro.ab {,20,17,7
ac,public final class nro.ac extends nro.cg {,22,16,4
ad,public final class nro.ad {,7,19,6
ae,public final class nro.ae {,12,65,17
af,public final class nro.af extends nro.ct implements nro.aA {,19,45,10
ag,public final class nro.ag {,16,22,4
ah,public final class nro.ah {,6,1,0
ai,public final class nro.ai {,4,1,0
aj,public final class nro.aj {,12,24,5
ak,public final class nro.ak {,8,9,2
al,public final class nro.al {,26,77,16
am,public final class nro.am extends nro.ct implements nro.aA {,21,51,12
an,public final class nro.an {,4,30,5
ao,public final class nro.ao {,4,32,6
ap,public final class nro.ap {,10,12,4
aq,public final class nro.aq {,16,6,3
ar,public final class nro.ar {,19,8,4
as,public final class nro.as implements java.lang.Runnable {,4,5,1
at,public final class nro.at extends nro.ct implements nro.aA {,31,62,15
au,public final class nro.au {,4,1,0
av,public final class nro.av {,4,8,6
aw,public final class nro.aw {,32,100,26
ax,public final class nro.ax {,8,4,1
ay,public final class nro.ay extends nro.bd implements nro.cR {,13,53,12
az,public final class nro.az {,16,3,1
b,public class nro.b {,13,68,8
bA,public class nro.bA {,12,3,0
bB,public final class nro.bB {,3,6,1
bC,public final class nro.bC {,19,9,4
bD,public final class nro.bD {,14,3,1
bE,public final class nro.bE {,6,21,19
bF,public final class nro.bF {,5,33,2
bG,public final class nro.bG extends nro.bd {,54,100,31
bH,public final class nro.bH {,10,49,19
bI,public final class nro.bI {,8,1,0
bJ,public final class nro.bJ {,15,33,7
bK,public final class nro.bK {,18,18,5
bL,public final class nro.bL extends nro.bd implements nro.cR {,56,66,22
bM,public final class nro.bM {,9,1,0
bN,public final class nro.bN {,37,107,19
bO,public final class nro.bO {,7,1,0
bP,public final class nro.bP {,16,16,3
bQ,public class nro.bQ {,382,510,504
bR,public final class nro.bR extends nro.bd implements nro.cR {,43,161,41
bS,public interface nro.bS {,1,1,0
bT,public class nro.bT extends java.util.Vector {,4,22,4
bU,public final class nro.bU {,54,69,25
bV,public final class nro.bV {,8,9,0
bW,public final class nro.bW extends nro.bQ {,3,476,473
bX,public final class nro.bX extends nro.bd implements nro.cR {,19,70,16
bY,public final class nro.bY implements nro.cR {,38,110,40
bZ,public final class nro.bZ {,3,1,0
ba,public class nro.ba {,6,13,7
bb,public final class nro.bb extends nro.bd implements nro.cR {,40,182,40
bc,public final class nro.bc {,5,1,0
bd,public class nro.bd {,10,20,4
be,public final class nro.be {,7,8,3
bf,public final class nro.bf {,11,1,0
bg,public final class nro.bg {,12,3,1
bh,public final class nro.bh implements nro.bS {,27,39,7
bi,public final class nro.bi {,18,15,6
bj,public final class nro.bj extends nro.ct implements nro.aA {,26,49,11
bk,public final class nro.bk extends nro.bd implements nro.cR {,21,19,6
bl,public final class nro.bl {,8,1,0
bm,public final class nro.bm {,17,5,2
bn,public final class nro.bn extends nro.cJ implements nro.cR {,21,29,8
bo,public final class nro.bo extends nro.bd implements nro.cR {,12,27,8
bp,public abstract class nro.bp {,6,9,4
bq,public final class nro.bq extends nro.bd implements nro.cR {,34,92,41
br,public final class nro.br {,9,343,179
bs,public final class nro.bs {,4,5,3
bt,public final class nro.bt {,10,3,1
bu,public final class nro.bu implements nro.cR {,13,25,6
bv,public class nro.bv implements nro.aA {,356,775,105
bw,public final class nro.bw {,5,1,0
bx,public final class nro.bx implements java.lang.Runnable {,6,10,2
by,public final class nro.by {,11,3,0
bz,public final class nro.bz {,5,2,0
c,public class nro.c {,15,60,9
cA,public final class nro.cA {,5,1,0
cB,public final class nro.cB {,5,1,0
cC,public final class nro.cC {,11,4,1
cD,public final class nro.cD {,8,7,3
cE,public final class nro.cE implements nro.cR {,23,34,9
cF,public final class nro.cF {,48,105,31
cG,public final class nro.cG {,25,11,4
cH,public final class nro.cH {,10,8,6
cI,public class nro.cI {,19,558,38
cJ,public class nro.cJ extends nro.bv {,15,64,7
cK,public final class nro.cK implements nro.cR {,17,29,8
cL,public final class nro.cL implements nro.cR {,10,30,3
cM,public final class nro.cM {,10,592,76
cN,public final class nro.cN {,7,19,5
cO,public final class nro.cO {,27,10,4
cP,public final class nro.cP {,4,1,0
cQ,public final class nro.cQ {,2,1,0
cR,public interface nro.cR {,1,1,0
cS,public final class nro.cS extends nro.bp {,6,10,2
cT,public final class nro.cT extends nro.bd {,11,41,17
cU,public final class nro.cU {,21,34,6
cV,public final class nro.cV {,6,8,1
cW,public final class nro.cW {,2,1,0
cX,public class nro.cX {,1,26,0
cY,public class nro.cY implements javax.microedition.lcdui.CommandListener {,17,40,19
cZ,public class nro.cZ extends java.lang.Thread {,6,18,6
ca,public final class nro.ca {,56,72,16
cb,public final class nro.cb extends nro.cg {,12,12,3
cc,public final class nro.cc {,22,56,18
cd,public final class nro.cd implements nro.aA {,29,32,7
ce,public interface nro.ce {,1,2,0
cf,public final class nro.cf implements javax.microedition.lcdui.CommandListener {,5,7,1
cg,public abstract class nro.cg {,8,9,6
ch,public final class nro.ch {,7,5,2
ci,public final class nro.ci extends nro.bd implements nro.cR {,14,28,5
cj,public final class nro.cj extends nro.bv {,23,36,12
ck,public final class nro.ck {,5,1,0
cl,public final class nro.cl extends nro.cg implements nro.cR {,41,75,28
cm,public final class nro.cm {,8,1,0
cn,public final class nro.cn implements java.lang.Runnable {,4,39,9
co,public final class nro.co extends nro.bd implements nro.cR {,48,96,18
cp,public final class nro.cp {,4,1,0
cq,public final class nro.cq {,23,8,3
cr,public abstract class nro.cr extends javax.microedition.lcdui.Canvas implements java.lang.Runnable {,4,18,2
cs,public final class nro.cs implements nro.cR {,19,29,11
ct,public class nro.ct implements nro.aA {,79,104,15
cu,public final class nro.cu {,18,10,4
cv,public final class nro.cv {,12,114,21
cw,public final class nro.cw {,27,29,9
cx,public final class nro.cx {,6,1,0
cy,public final class nro.cy {,6,3,1
cz,public final class nro.cz extends nro.cg {,9,9,4
d,public class nro.d {,12,7,2
da,public class nro.da implements javax.microedition.lcdui.CommandListener {,13,24,12
db,public class nro.db implements javax.microedition.lcdui.CommandListener {,14,30,15
dc,public class nro.dc implements javax.microedition.lcdui.CommandListener {,15,36,20
dd,public class nro.dd implements javax.microedition.lcdui.CommandListener {,14,29,14
de,public class nro.de implements javax.microedition.lcdui.CommandListener {,14,28,19
df,public class nro.df implements javax.microedition.lcdui.CommandListener {,16,38,17
dg,public class nro.dg implements javax.microedition.lcdui.CommandListener {,15,35,20
dh,public class nro.dh implements javax.microedition.lcdui.CommandListener {,19,53,35
di,public class nro.di implements javax.microedition.lcdui.CommandListener {,13,26,11
dj,public class nro.dj implements javax.microedition.lcdui.CommandListener {,13,24,12
dk,public class nro.dk implements javax.microedition.lcdui.CommandListener {,15,31,16
dl,public class nro.dl implements javax.microedition.lcdui.CommandListener {,19,50,23
dm,public class nro.dm implements javax.microedition.lcdui.CommandListener {,16,38,23
dn,public class nro.dn implements javax.microedition.lcdui.CommandListener {,16,78,26
do,public class nro.do implements javax.microedition.lcdui.CommandListener {,15,33,18
dp,public class nro.dp implements javax.microedition.lcdui.CommandListener {,13,25,16
e,public class nro.e extends java.lang.Thread {,6,24,10
f,public class nro.f {,9,9,1
g,public class nro.g {,4,10,6
h,public class nro.h {,105,686,321
i,public class nro.i implements nro.cR {,27,147,42
j,public class nro.j {,32,303,25
k,public class nro.k {,9,21,7
l,public class nro.l extends javax.microedition.lcdui.Canvas {,6,13,4
m,public class nro.m {,7,22,2
n,public class nro.n {,13,137,60
o,public class nro.o {,7,70,14
p,public class nro.p {,8,47,13
q,public class nro.q {,6,12,2
r,public class nro.r {,9,39,9
s,public class nro.s {,10,25,4
t,public class nro.t {,6,3,0
u,public class nro.u {,10,344,112
v,public class nro.v {,6,12,6
w,public class nro.w {,4,101,30
x,public class nro.x {,5,30,4
y,public class nro.y {,10,43,8
z,public class nro.z {,4,1,0
