path,size_bytes
META-INF/MANIFEST.MF,308
ReadMe.txt,2737
icon.png,3200
info,114
info.txt,130
myfont/number,106
myfont/tahoma_7,1794
myfont/tahoma_7b,1794
myfont/tahoma_8b,1794
mymap/39,706
mymap/40,706
mymap/41,706
mymap/mapTable39,62
mymap/mapTable40,80
mymap/mapTable41,50
x1/SmallImage/Small1085.png,374
x1/SmallImage/Small1086.png,329
x1/bg/b00.png,1732
x1/bg/b01.png,2993
x1/bg/b02.png,2879
x1/bg/b03.png,1137
x1/bg/b10.png,2548
x1/bg/b100.png,5818
x1/bg/b101.png,901
x1/bg/b11.png,3109
x1/bg/b110.png,2800
x1/bg/b111.png,1998
x1/bg/b112.png,4500
x1/bg/b113.png,5336
x1/bg/b12.png,6147
x1/bg/b120.png,1401
x1/bg/b13.png,4900
x1/bg/b130.png,245
x1/bg/b131.png,3296
x1/bg/b140.png,1249
x1/bg/b141.png,1710
x1/bg/b142.png,719
x1/bg/b20.png,1001
x1/bg/b21.png,674
x1/bg/b22.png,346
x1/bg/b23.png,544
x1/bg/b24.png,1024
x1/bg/b30.png,8271
x1/bg/b31.png,1403
x1/bg/b32.png,965
x1/bg/b40.png,2477
x1/bg/b41.png,871
x1/bg/b42.png,3237
x1/bg/b43.png,1336
x1/bg/b50.png,1880
x1/bg/b51.png,8342
x1/bg/b52.png,4720
x1/bg/b53.png,650
x1/bg/b60.png,497
x1/bg/b61.png,5034
x1/bg/b62.png,2362
x1/bg/b63.png,1643
x1/bg/b64.png,1773
x1/bg/b70.png,1540
x1/bg/b71.png,833
x1/bg/b72.png,1031
x1/bg/b73.png,407
x1/bg/b80.png,3822
x1/bg/b81.png,6389
x1/bg/b82.png,3541
x1/bg/b83.png,1182
x1/bg/b90.png,2897
x1/bg/b91.png,6251
x1/bg/b92.png,3137
x1/bg/b93.png,564
x1/bg/caycot.png,277
x1/bg/cham-tron1.png,124
x1/bg/cham-tron2.png,124
x1/bg/cl0.png,941
x1/bg/cl1.png,897
x1/bg/cl2.png,466
x1/bg/fire1.png,283
x1/bg/fire2.png,606
x1/bg/fog0.png,33918
x1/bg/fog1.png,17315
x1/bg/kiem.png,1380
x1/bg/lacay.png,262
x1/bg/lacay2.png,387
x1/bg/lacay3.png,306
x1/bg/lacay4.png,317
x1/bg/lacay5.png,325
x1/bg/lacay6.png,290
x1/bg/mua.png,178
x1/bg/mua1.png,162
x1/bg/mua2.png,156
x1/bg/sao.png,290
x1/bg/ship.png,743
x1/bg/sun0.png,360
x1/bg/sun1.png,1066
x1/bg/sun10.png,559
x1/bg/sun11.png,1085
x1/bg/sun12.png,270
x1/bg/sun13.png,1259
x1/bg/sun14.png,445
x1/bg/sun15.png,3152
x1/bg/sun2.png,2557
x1/bg/sun3.png,825
x1/bg/sun4.png,475
x1/bg/sun5.png,3260
x1/bg/sun6.png,402
x1/bg/sun7.png,369
x1/bg/sun8.png,870
x1/bg/sun9.png,485
x1/bg/trans.png,259
x1/bg/tuyet.png,180
x1/button/btn_B.png,1581
x1/button/btn_C.png,1241
x1/button/btn_G.png,1235
x1/button/btn_J.png,1226
x1/button/btn_K.png,1242
x1/button/btn_L.png,1234
x1/button/btn_P.png,1239
x1/button/btn_S.png,1238
x1/button/btn_X.png,1242
x1/button/btn_Z.png,1242
x1/e/d00.png,161
x1/e/d01.png,168
x1/e/d02.png,178
x1/e/d03.png,165
x1/e/d04.png,166
x1/e/d10.png,161
x1/e/d11.png,166
x1/e/d12.png,177
x1/e/d13.png,165
x1/e/d14.png,164
x1/e/e_0.png,1700
x1/e/e_1.png,893
x1/e/e_10.png,3013
x1/e/e_11.png,3974
x1/e/e_12.png,1025
x1/e/e_13.png,2550
x1/e/e_14.png,2361
x1/e/e_15.png,385
x1/e/e_16.png,1494
x1/e/e_17.png,1445
x1/e/e_18.png,2525
x1/e/e_19.png,3966
x1/e/e_2.png,1488
x1/e/e_20.png,16175
x1/e/e_21.png,1992
x1/e/e_22.png,928
x1/e/e_23.png,11069
x1/e/e_24.png,5049
x1/e/e_25.png,1075
x1/e/e_26.png,1083
x1/e/e_27.png,2093
x1/e/e_28.png,1792
x1/e/e_4.png,5092
x1/e/e_5.png,4358
x1/e/e_6.png,5432
x1/e/e_7.png,6013
x1/e/e_9.png,4215
x1/e/nut2.png,225
x1/e/nut3.png,214
x1/e/sp0.png,224
x1/e/sp1.png,240
x1/e/sp2.png,225
x1/e/w0.png,190
x1/e/w1.png,196
x1/e/w2.png,178
x1/effectdata/100/data,5322
x1/effectdata/100/img.png,6563
x1/effectdata/101/data,5168
x1/effectdata/101/img.png,5619
x1/effectdata/102/data,263
x1/effectdata/102/img.png,2563
x1/effectdata/103/data,231
x1/effectdata/103/img.png,783
x1/effectdata/104/data,90
x1/effectdata/104/img.png,1853
x1/effectdata/105/data,309
x1/effectdata/105/img.png,3436
x1/effectdata/106/data,227
x1/effectdata/106/img.png,2016
x1/effectdata/107/data,49
x1/effectdata/107/img.png,1896
x1/effectdata/108/data,690
x1/effectdata/108/img.png,6007
x1/effectdata/109/data,495
x1/effectdata/109/img.png,15950
x1/effectdata/17/data,305
x1/effectdata/17/img.png,5760
x1/effectdata/18/data,480
x1/effectdata/18/img.png,343
x1/effectdata/19/data,217
x1/effectdata/19/img.png,646
x1/effectdata/20/data,326
x1/effectdata/20/img.png,4531
x1/effectdata/21/data,174
x1/effectdata/21/img.png,2347
x1/effectdata/22/data,258
x1/effectdata/22/img.png,1283
x1/effectdata/23/data,58
x1/effectdata/23/img.png,760
x1/effectdata/34/data,427
x1/effectdata/34/img.png,832
x1/effectdata/38/data,227
x1/effectdata/38/img.png,361
x1/effectdata/blue/0.png,680
x1/effectdata/blue/1.png,665
x1/effectdata/blue/2.png,641
x1/effectdata/blue/3.png,731
x1/effectdata/blue/4.png,732
x1/effectdata/blue/5.png,697
x1/effectdata/blue/6.png,632
x1/effectdata/violet/0.png,462
x1/effectdata/violet/1.png,435
x1/effectdata/violet/2.png,407
x1/effectdata/violet/3.png,464
x1/effectdata/violet/4.png,462
x1/effectdata/violet/5.png,468
x1/effectdata/violet/6.png,449
x1/gamelogo.png,2440
x1/iconHead_0.png,301
x1/iconHead_1.png,385
x1/iconHead_2.png,293
x1/img/Big0.png,19144
x1/img/Big1.png,19216
x1/img/Big2.png,13040
x1/img/Big3.png,21238
x1/img/map0.png,19309
x1/img/map1.png,21142
x1/img/map2.png,20331
x1/mainImage/12+.png,480
x1/mainImage/18+.png,534
x1/mainImage/SP.png,426
x1/mainImage/black.png,164
x1/mainImage/btn0left.png,525
x1/mainImage/btn0mid.png,202
x1/mainImage/btn0right.png,534
x1/mainImage/btn1left.png,529
x1/mainImage/btn1mid.png,199
x1/mainImage/btn1right.png,541
x1/mainImage/eo_1_0.png,448
x1/mainImage/eo_1_1.png,1580
x1/mainImage/eo_1_2.png,2821
x1/mainImage/hole.png,689
x1/mainImage/i_charlife.png,710
x1/mainImage/i_hp.png,311
x1/mainImage/i_khung.png,1681
x1/mainImage/i_pve_bar_0.png,1121
x1/mainImage/i_pve_bar_1.png,788
x1/mainImage/i_vs.png,582
x1/mainImage/logo1.png,5798
x1/mainImage/logo1E.png,5079
x1/mainImage/luongkhoa.png,351
x1/mainImage/myTexture2dHP.png,533
x1/mainImage/myTexture2dMP.png,334
x1/mainImage/myTexture2dPea0.png,3021
x1/mainImage/myTexture2dPea1.png,2852
x1/mainImage/myTexture2dPea2.png,2266
x1/mainImage/myTexture2dPea3.png,1959
x1/mainImage/myTexture2dPea_0.png,2479
x1/mainImage/myTexture2dPea_1.png,2546
x1/mainImage/myTexture2dPea_2.png,1953
x1/mainImage/myTexture2dPea_3.png,1857
x1/mainImage/myTexture2danalog1.png,1743
x1/mainImage/myTexture2danalog2.png,2718
x1/mainImage/myTexture2darrow.png,488
x1/mainImage/myTexture2darrow2.png,499
x1/mainImage/myTexture2darrow3.png,255
x1/mainImage/myTexture2dbantay.png,257
x1/mainImage/myTexture2dbd0.png,1036
x1/mainImage/myTexture2dbd1.png,956
x1/mainImage/myTexture2dbd2.png,165
x1/mainImage/myTexture2dbd3.png,915
x1/mainImage/myTexture2dbong.png,160
x1/mainImage/myTexture2dbtMenu1.png,1843
x1/mainImage/myTexture2dbtMenu2.png,1817
x1/mainImage/myTexture2dbtX.png,862
x1/mainImage/myTexture2dbtnl.png,1256
x1/mainImage/myTexture2dbtnl2.png,758
x1/mainImage/myTexture2dbtnlf.png,1233
x1/mainImage/myTexture2dbtnlf2.png,730
x1/mainImage/myTexture2dcanhrong.png,727
x1/mainImage/myTexture2dchat.png,2019
x1/mainImage/myTexture2dchat2.png,2274
x1/mainImage/myTexture2dcheck.png,2620
x1/mainImage/myTexture2dclick.png,2915
x1/mainImage/myTexture2ddown.png,191
x1/mainImage/myTexture2der.png,357
x1/mainImage/myTexture2df.png,2172
x1/mainImage/myTexture2dfirebtn0.png,4308
x1/mainImage/myTexture2dfirebtn1.png,2760
x1/mainImage/myTexture2dflare.png,715
x1/mainImage/myTexture2dfocus.png,2409
x1/mainImage/myTexture2dfocus2.png,2051
x1/mainImage/myTexture2dfutherShip.png,1508
x1/mainImage/myTexture2dgoc1.png,1265
x1/mainImage/myTexture2dgoc2.png,273
x1/mainImage/myTexture2dgoc3.png,318
x1/mainImage/myTexture2dgoc4.png,408
x1/mainImage/myTexture2dgoc5.png,1013
x1/mainImage/myTexture2dgoc6.png,1028
x1/mainImage/myTexture2dgocnhon.png,188
x1/mainImage/myTexture2dhatdau.png,188
x1/mainImage/myTexture2dhpLeft.png,203
x1/mainImage/myTexture2dhpLost.png,500
x1/mainImage/myTexture2dhpMidle.png,167
x1/mainImage/myTexture2dhpRight.png,201
x1/mainImage/myTexture2dimgDiamond.png,469
x1/mainImage/myTexture2dimgMoney.png,717
x1/mainImage/myTexture2dimgPopup.png,590
x1/mainImage/myTexture2dimgPopup2.png,605
x1/mainImage/myTexture2ditemaura1.png,1386
x1/mainImage/myTexture2ditemaura2.png,1403
x1/mainImage/myTexture2ditemaura3.png,420
x1/mainImage/myTexture2dlineColor00.png,162
x1/mainImage/myTexture2dlineColor01.png,112
x1/mainImage/myTexture2dlineColor02.png,156
x1/mainImage/myTexture2dlineColor20.png,160
x1/mainImage/myTexture2dlineColor21.png,117
x1/mainImage/myTexture2dlineColor22.png,165
x1/mainImage/myTexture2dlogo.png,5950
x1/mainImage/myTexture2dlogoE.png,3895
x1/mainImage/myTexture2dmat-namek.png,155
x1/mainImage/myTexture2dmat-trai-dat.png,147
x1/mainImage/myTexture2dmaybay1.png,1168
x1/mainImage/myTexture2dmaybay2.png,1394
x1/mainImage/myTexture2dmaybay3.png,1310
x1/mainImage/myTexture2dmaybay4a.png,935
x1/mainImage/myTexture2dmaybay4b.png,1264
x1/mainImage/myTexture2dmenu.png,815
x1/mainImage/myTexture2dmobCapcha.png,604
x1/mainImage/myTexture2dmobHP.png,387
x1/mainImage/myTexture2dmove-1.png,485
x1/mainImage/myTexture2dmove-3.png,460
x1/mainImage/myTexture2dmpLost.png,319
x1/mainImage/myTexture2dnut.png,1783
x1/mainImage/myTexture2dnutF.png,1867
x1/mainImage/myTexture2dpanel.png,2715
x1/mainImage/myTexture2drong.png,1342
x1/mainImage/myTexture2dskill.png,731
x1/mainImage/myTexture2dskill2.png,728
x1/mainImage/myTexture2dstat.png,262
x1/mainImage/myTexture2dtf.png,1479
x1/mainImage/myTexture2dthucuoi10.png,597
x1/mainImage/myTexture2dthucuoi11.png,604
x1/mainImage/myTexture2dthucuoi20.png,801
x1/mainImage/myTexture2dthucuoi21.png,447
x1/mainImage/myTexture2dthucuoi22.png,736
x1/mainImage/myTexture2dthucuoi23.png,481
x1/mainImage/myTexture2dthucuoi30.png,548
x1/mainImage/myTexture2dthucuoi31.png,583
x1/mainImage/myTexture2dup.png,191
x1/mainImage/myTexture2dwater1.png,162
x1/mainImage/myTexture2dwater2.png,139
x1/mainImage/new.png,183
x1/mainImage/o_0.png,167
x1/mainImage/o_1.png,166
x1/mainImage/o_2.png,160
x1/mainImage/o_3.png,184
x1/mainImage/panel2.png,917
x1/mainImage/portal.png,160
x1/mainImage/shadowBig.png,211
x1/mainImage/star.png,193
x1/mainImage/star8.png,193
x1/mainImage/star9.png,193
x1/mainImage/starCH.png,312
x1/mainImage/starE.png,193
x1/mainImage/taungam.png,2457
x1/mainImage/ticket12.png,204
x1/mainImage/tm-do.png,129
x1/mainImage/tm-vang.png,129
x1/mainImage/tm-xam.png,126
x1/mainImage/tm-xanh.png,129
x1/mainImage/wait.png,7135
x1/mapBackGround/0.png,5483
x1/mapBackGround/1.png,2820
x1/mapBackGround/10.png,1244
x1/mapBackGround/11.png,666
x1/mapBackGround/12.png,3757
x1/mapBackGround/13.png,1019
x1/mapBackGround/14.png,393
x1/mapBackGround/15.png,1051
x1/mapBackGround/16.png,2790
x1/mapBackGround/17.png,1485
x1/mapBackGround/18.png,3147
x1/mapBackGround/19.png,2442
x1/mapBackGround/2.png,1917
x1/mapBackGround/20.png,633
x1/mapBackGround/21.png,198
x1/mapBackGround/22.png,253
x1/mapBackGround/23.png,916
x1/mapBackGround/24.png,200
x1/mapBackGround/25.png,309
x1/mapBackGround/26.png,1527
x1/mapBackGround/27.png,1866
x1/mapBackGround/28.png,1545
x1/mapBackGround/29.png,1439
x1/mapBackGround/3.png,671
x1/mapBackGround/30.png,1115
x1/mapBackGround/31.png,2269
x1/mapBackGround/32.png,1341
x1/mapBackGround/33.png,2239
x1/mapBackGround/34.png,1528
x1/mapBackGround/35.png,1796
x1/mapBackGround/36.png,2483
x1/mapBackGround/37.png,936
x1/mapBackGround/38.png,1365
x1/mapBackGround/39.png,1085
x1/mapBackGround/4.png,637
x1/mapBackGround/40.png,1145
x1/mapBackGround/41.png,803
x1/mapBackGround/42.png,804
x1/mapBackGround/43.png,1882
x1/mapBackGround/44.png,2749
x1/mapBackGround/45.png,1098
x1/mapBackGround/46.png,491
x1/mapBackGround/47.png,754
x1/mapBackGround/48.png,1379
x1/mapBackGround/49.png,678
x1/mapBackGround/5.png,2169
x1/mapBackGround/50.png,574
x1/mapBackGround/51.png,1562
x1/mapBackGround/52.png,2358
x1/mapBackGround/53.png,1815
x1/mapBackGround/54.png,1361
x1/mapBackGround/55.png,1676
x1/mapBackGround/56.png,1155
x1/mapBackGround/57.png,1477
x1/mapBackGround/58.png,1754
x1/mapBackGround/59.png,3229
x1/mapBackGround/6.png,2498
x1/mapBackGround/60.png,1772
x1/mapBackGround/61.png,959
x1/mapBackGround/62.png,1361
x1/mapBackGround/63.png,1754
x1/mapBackGround/7.png,3072
x1/mapBackGround/8.png,821
x1/mapBackGround/9.png,872
x1/myfont/number_gray.png,243
x1/myfont/number_green.png,250
x1/myfont/number_orange.png,250
x1/myfont/number_red.png,250
x1/myfont/number_white.png,243
x1/myfont/number_yellow.png,250
x1/myfont/tahoma_7.png,1323
x1/myfont/tahoma_7_blue.png,1363
x1/myfont/tahoma_7_blue1.png,1323
x1/myfont/tahoma_7_green.png,1323
x1/myfont/tahoma_7_green2.png,1323
x1/myfont/tahoma_7_grey.png,1363
x1/myfont/tahoma_7_red.png,1363
x1/myfont/tahoma_7_white.png,1323
x1/myfont/tahoma_7_yellow.png,1323
x1/myfont/tahoma_7b_blue.png,1449
x1/myfont/tahoma_7b_brown.png,1449
x1/myfont/tahoma_7b_focus.png,1449
x1/myfont/tahoma_7b_green.png,1449
x1/myfont/tahoma_7b_green2.png,1449
x1/myfont/tahoma_7b_purple.png,1449
x1/myfont/tahoma_7b_red.png,1449
x1/myfont/tahoma_7b_unfocus.png,1449
x1/myfont/tahoma_7b_white.png,1449
x1/myfont/tahoma_7b_yellow.png,1449
x1/myfont/tahoma_8b.png,1724
x1/radar/0.png,1864
x1/radar/1.png,174
x1/radar/10.png,221
x1/radar/11.png,216
x1/radar/12.png,272
x1/radar/13.png,266
x1/radar/14.png,187
x1/radar/15.png,262
x1/radar/16.png,273
x1/radar/17.png,693
x1/radar/18.png,223
x1/radar/19.png,343
x1/radar/2.png,177
x1/radar/20.png,239
x1/radar/21.png,139
x1/radar/22.png,178
x1/radar/23.png,251
x1/radar/3.png,231
x1/radar/4.png,155
x1/radar/5.png,174
x1/radar/6.png,236
x1/radar/7.png,213
x1/radar/8.png,222
x1/radar/9.png,230
x1/redeye.png,227
x1/t/1.png,7328
x1/t/10.png,3209
x1/t/11.png,2273
x1/t/12.png,3751
x1/t/13.png,161
x1/t/14.png,325
x1/t/15.png,529
x1/t/2.png,5452
x1/t/22.png,2272
x1/t/23.png,1405
x1/t/3.png,7291
x1/t/4.png,3762
x1/t/5.png,5421
x1/t/6.png,6382
x1/t/7.png,4971
x1/t/8.png,6231
x1/t/9.png,3789
